industry,name
Commercial Construction,Commercial Roofing
Commercial Construction,Structural Steel Erection
Commercial Construction,Concreting
Residential Construction,Bricklaying & Blockwork
Residential Construction,Carpentry (Structural)
Fit-out & Refurbishment,Fit-out Carpentry
Fit-out & Refurbishment,Commercial Painting
Fit-out & Refurbishment,Plastering & Linings
Fit-out & Refurbishment,Flooring & Floor Coverings
Commercial Construction,Commercial Electrical
Commercial Construction,Plumbing & Drainage
Industrial Construction,Mechanical Services (HVAC)
Industrial Construction,Fire Protection Services
Civil & Infrastructure,Civil Earthworks
Civil & Infrastructure,Road Construction
Civil & Infrastructure,Traffic Management
Commercial Construction,Scaffolding
Commercial Construction,Crane & Rigging
Demolition & Remediation,Demolition & Strip-out
Demolition & Remediation,Asbestos Removal
Facilities Maintenance,Facilities & Building Maintenance
Landscaping & External Works,Landscaping & Turf
Landscaping & External Works,Fencing & Gates
Energy & Utilities,Solar & Renewables Install
Energy & Utilities,Underground Services
Mining & Resources,Shutdown & Maintenance Trades
